order_id,customer_id,order_date,status
1,273,2025-09-04,Delivered
2,25,2025-03-19,Cancelled
3,174,2025-04-27,Shipped
4,314,2025-05-13,Shipped
5,115,2026-01-08,Delivered
6,120,2025-03-17,Cancelled
7,212,2025-03-30,Delivered
8,459,2025-04-19,Shipped
9,125,2025-09-12,Cancelled
10,182,2025-08-18,Delivered
11,394,2026-01-05,Cancelled
12,70,2025-11-06,Delivered
13,155,2025-04-04,Cancelled
14,358,2025-04-22,Delivered
15,435,2025-12-15,Shipped
16,125,2026-01-25,Cancelled
17,13,2025-11-23,Cancelled
18,77,2025-08-31,Shipped
19,272,2025-11-26,Cancelled
20,400,2025-07-23,Delivered
21,45,2025-04-18,Shipped
22,361,2026-02-22,Delivered
23,1,2025-10-20,Delivered
24,169,2025-11-27,Cancelled
25,60,2025-05-30,Cancelled
26,466,2026-01-01,Cancelled
27,141,2025-05-16,Shipped
28,48,2025-04-07,Delivered
29,485,2025-08-03,Delivered
30,64,2025-04-19,Shipped
31,401,2026-02-27,Shipped
32,9,2025-11-12,Shipped
33,283,2026-01-29,Delivered
34,310,2025-06-03,Shipped
35,389,2025-11-15,Shipped
36,80,2025-04-08,Delivered
37,381,2025-10-30,Cancelled
38,495,2025-08-25,Cancelled
39,63,2026-01-20,Cancelled
40,294,2025-11-29,Cancelled
41,416,2025-12-09,Cancelled
42,486,2026-01-23,Cancelled
43,188,2025-05-07,Shipped
44,374,2026-02-10,Cancelled
45,139,2025-12-19,Delivered
46,475,2025-10-25,Delivered
47,292,2025-06-14,Delivered
48,485,2025-06-16,Delivered
49,5,2025-07-27,Cancelled
50,220,2025-08-06,Cancelled
51,468,2025-08-02,Delivered
52,404,2025-10-02,Cancelled
53,453,2025-08-29,Shipped
54,116,2026-01-23,Shipped
55,235,2025-07-18,Delivered
56,15,2026-02-28,Shipped
57,104,2025-10-04,Delivered
58,251,2025-12-01,Delivered
59,29,2025-05-20,Delivered
60,338,2025-09-16,Delivered
61,111,2025-04-14,Delivered
62,188,2025-10-14,Cancelled
63,386,2025-12-11,Delivered
64,351,2026-01-25,Shipped
65,210,2025-04-02,Shipped
66,192,2026-02-27,Cancelled
67,352,2025-10-08,Delivered
68,106,2025-10-26,Delivered
69,106,2025-05-23,Shipped
70,249,2025-09-11,Shipped
71,165,2025-10-18,Delivered
72,369,2025-03-11,Shipped
73,482,2025-06-04,Shipped
74,298,2025-09-16,Delivered
75,464,2026-03-07,Shipped
76,216,2025-09-26,Shipped
77,101,2025-06-30,Shipped
78,1,2025-12-09,Shipped
79,380,2025-11-19,Delivered
80,294,2025-10-22,Delivered
81,269,2026-02-23,Cancelled
82,303,2025-05-11,Delivered
83,127,2025-10-10,Delivered
84,399,2025-03-13,Delivered
85,176,2025-03-27,Delivered
86,323,2025-07-31,Shipped
87,292,2025-05-25,Delivered
88,194,2025-12-24,Shipped
89,436,2025-05-13,Delivered
90,413,2025-12-01,Shipped
91,310,2025-10-14,Shipped
92,295,2025-06-02,Delivered
93,295,2025-05-23,Delivered
94,359,2025-11-02,Shipped
95,255,2025-10-29,Cancelled
96,146,2025-08-14,Delivered
97,133,2026-02-12,Shipped
98,12,2026-02-27,Cancelled
99,295,2026-01-06,Delivered
100,432,2026-02-19,Cancelled
101,412,2025-06-27,Shipped
102,477,2026-03-06,Shipped
103,73,2025-04-09,Shipped
104,213,2025-07-20,Shipped
105,487,2025-06-29,Delivered
106,426,2025-09-19,Delivered
107,359,2025-10-26,Cancelled
108,125,2025-11-01,Cancelled
109,443,2025-11-14,Cancelled
110,437,2025-03-21,Cancelled
111,176,2025-05-06,Delivered
112,405,2025-11-13,Delivered
113,475,2025-11-08,Shipped
114,134,2026-02-12,Delivered
115,196,2025-08-12,Delivered
116,499,2025-10-29,Cancelled
117,234,2025-11-03,Cancelled
118,115,2025-03-11,Delivered
119,248,2026-01-25,Cancelled
120,185,2025-12-06,Cancelled
121,104,2025-07-19,Delivered
122,288,2026-01-12,Cancelled
123,236,2025-10-22,Cancelled
124,88,2026-03-08,Delivered
125,489,2025-07-23,Cancelled
126,150,2025-07-09,Delivered
127,253,2025-10-03,Delivered
128,435,2025-06-12,Delivered
129,362,2025-11-19,Delivered
130,307,2025-12-14,Shipped
131,84,2025-04-26,Cancelled
132,440,2026-02-26,Delivered
133,498,2025-11-22,Delivered
134,430,2026-01-14,Shipped
135,98,2025-12-30,Shipped
136,437,2026-02-06,Delivered
137,66,2025-11-11,Shipped
138,117,2025-05-23,Delivered
139,208,2026-01-03,Delivered
140,429,2025-05-11,Shipped
141,210,2026-01-12,Delivered
142,237,2025-11-02,Delivered
143,442,2025-11-28,Cancelled
144,415,2025-08-11,Shipped
145,451,2026-01-05,Shipped
146,409,2026-01-26,Cancelled
147,293,2025-11-26,Shipped
148,444,2025-08-19,Shipped
149,409,2025-12-04,Cancelled
150,255,2026-01-04,Shipped
151,131,2025-08-16,Cancelled
152,464,2025-03-17,Cancelled
153,405,2025-09-30,Shipped
154,253,2026-01-04,Delivered
155,447,2025-12-14,Cancelled
156,86,2025-11-02,Shipped
157,172,2026-01-09,Delivered
158,238,2025-11-10,Cancelled
159,63,2025-11-20,Cancelled
160,428,2025-05-21,Cancelled
161,435,2025-03-17,Delivered
162,255,2026-02-03,Shipped
163,491,2025-07-28,Shipped
164,492,2025-12-21,Cancelled
165,445,2025-09-02,Delivered
166,448,2025-10-22,Shipped
167,402,2025-04-11,Delivered
168,422,2025-11-01,Cancelled
169,258,2025-10-12,Shipped
170,270,2025-12-21,Cancelled
171,140,2025-07-10,Cancelled
172,292,2025-05-28,Delivered
173,212,2025-07-16,Delivered
174,371,2025-06-21,Cancelled
175,362,2025-07-26,Delivered
176,456,2025-08-11,Shipped
177,175,2026-01-24,Shipped
178,320,2025-11-19,Cancelled
179,430,2025-06-11,Delivered
180,264,2025-06-05,Delivered
181,470,2025-08-19,Shipped
182,290,2025-03-14,Shipped
183,284,2025-09-06,Cancelled
184,248,2025-07-19,Shipped
185,225,2026-01-07,Shipped
186,28,2025-03-26,Delivered
187,352,2026-03-03,Shipped
188,42,2026-02-26,Shipped
189,330,2025-06-01,Delivered
190,251,2025-05-09,Cancelled
191,171,2025-04-26,Cancelled
192,245,2025-12-23,Cancelled
193,87,2025-08-19,Cancelled
194,59,2026-01-28,Delivered
195,434,2025-04-22,Shipped
196,313,2025-06-03,Shipped
197,458,2026-01-14,Cancelled
198,500,2025-08-01,Delivered
199,406,2025-12-22,Delivered
200,261,2025-08-29,Delivered
201,80,2025-06-14,Cancelled
202,379,2026-03-05,Shipped
203,1,2026-01-28,Delivered
204,341,2025-04-19,Shipped
205,387,2025-07-26,Cancelled
206,291,2026-02-17,Shipped
207,336,2025-09-04,Delivered
208,467,2025-05-16,Shipped
209,315,2025-09-25,Cancelled
210,120,2025-11-11,Delivered
211,84,2025-04-11,Cancelled
212,130,2025-06-12,Delivered
213,413,2025-12-25,Delivered
214,315,2025-04-13,Delivered
215,1,2025-10-12,Delivered
216,373,2025-11-11,Cancelled
217,459,2025-08-15,Shipped
218,353,2025-11-18,Delivered
219,446,2025-06-19,Delivered
220,375,2025-09-03,Cancelled
221,128,2025-09-03,Shipped
222,270,2025-04-12,Delivered
223,115,2025-08-24,Delivered
224,16,2025-10-21,Shipped
225,405,2025-08-23,Cancelled
226,289,2025-05-15,Delivered
227,38,2025-06-18,Shipped
228,110,2025-06-14,Shipped
229,113,2025-08-31,Delivered
230,97,2025-10-07,Delivered
231,330,2025-08-04,Delivered
232,402,2026-02-25,Shipped
233,382,2026-02-04,Delivered
234,217,2026-01-15,Shipped
235,499,2025-08-28,Cancelled
236,217,2025-11-28,Shipped
237,153,2025-08-04,Shipped
238,86,2026-02-01,Delivered
239,138,2026-03-07,Shipped
240,15,2025-05-05,Cancelled
241,371,2025-08-08,Delivered
242,329,2025-06-13,Delivered
243,156,2026-02-26,Delivered
244,201,2025-04-17,Delivered
245,203,2025-08-13,Shipped
246,40,2025-06-13,Cancelled
247,206,2026-02-21,Cancelled
248,58,2026-01-20,Cancelled
249,382,2025-07-18,Cancelled
250,27,2025-12-26,Cancelled
251,294,2025-11-02,Shipped
252,210,2025-09-10,Delivered
253,138,2025-04-15,Cancelled
254,258,2025-06-27,Delivered
255,290,2025-06-12,Cancelled
256,403,2025-11-24,Shipped
257,260,2025-07-11,Shipped
258,379,2025-03-24,Cancelled
259,12,2025-08-02,Delivered
260,147,2025-03-14,Cancelled
261,337,2025-12-28,Shipped
262,500,2025-12-02,Delivered
263,237,2025-04-26,Cancelled
264,59,2025-11-16,Delivered
265,476,2025-05-14,Cancelled
266,255,2025-11-29,Delivered
267,455,2025-11-14,Cancelled
268,435,2025-09-25,Delivered
269,191,2025-03-25,Delivered
270,321,2026-02-05,Cancelled
271,464,2026-03-08,Cancelled
272,382,2025-11-17,Cancelled
273,294,2026-03-09,Delivered
274,204,2025-07-23,Cancelled
275,432,2025-10-01,Delivered
276,2,2026-02-04,Delivered
277,395,2026-01-01,Cancelled
278,41,2025-09-07,Shipped
279,408,2025-07-03,Shipped
280,169,2025-07-06,Cancelled
281,180,2025-11-11,Shipped
282,72,2025-05-04,Cancelled
283,49,2025-03-18,Delivered
284,443,2025-07-13,Shipped
285,152,2025-08-21,Cancelled
286,349,2025-12-02,Cancelled
287,163,2025-04-07,Delivered
288,255,2025-06-05,Delivered
289,328,2025-11-14,Shipped
290,29,2025-12-14,Cancelled
291,483,2025-10-09,Delivered
292,247,2025-11-28,Shipped
293,219,2026-01-05,Cancelled
294,359,2025-03-26,Delivered
295,90,2025-07-28,Delivered
296,17,2025-12-18,Cancelled
297,434,2026-02-17,Delivered
298,272,2026-01-13,Shipped
299,337,2025-08-14,Cancelled
300,130,2025-06-26,Delivered
301,165,2025-04-05,Shipped
302,326,2025-06-07,Cancelled
303,51,2026-02-07,Cancelled
304,270,2025-11-24,Shipped
305,211,2025-06-16,Delivered
306,382,2025-10-10,Cancelled
307,387,2025-04-07,Shipped
308,482,2025-12-04,Shipped
309,290,2025-04-27,Delivered
310,329,2026-01-19,Cancelled
311,188,2025-04-06,Delivered
312,149,2025-08-06,Shipped
313,198,2025-10-30,Shipped
314,254,2025-12-23,Shipped
315,291,2025-05-26,Shipped
316,397,2025-05-20,Delivered
317,402,2025-09-27,Delivered
318,256,2025-09-10,Delivered
319,52,2025-10-10,Cancelled
320,250,2026-01-31,Cancelled
321,200,2025-08-18,Shipped
322,158,2025-05-27,Shipped
323,480,2026-03-01,Shipped
324,353,2025-06-04,Cancelled
325,50,2026-02-10,Cancelled
326,116,2025-09-07,Shipped
327,92,2025-05-06,Shipped
328,493,2025-03-19,Cancelled
329,188,2026-01-08,Delivered
330,284,2025-10-23,Shipped
331,108,2025-03-31,Cancelled
332,103,2025-08-15,Cancelled
333,468,2025-10-21,Shipped
334,309,2025-05-04,Delivered
335,182,2025-09-05,Cancelled
336,398,2025-11-13,Cancelled
337,462,2025-12-29,Delivered
338,282,2025-04-01,Delivered
339,121,2025-09-21,Shipped
340,19,2025-12-04,Delivered
341,301,2025-09-08,Cancelled
342,352,2025-10-25,Delivered
343,8,2025-05-27,Cancelled
344,85,2025-05-18,Cancelled
345,23,2025-04-19,Shipped
346,423,2026-02-22,Cancelled
347,362,2026-01-01,Cancelled
348,259,2025-12-14,Shipped
349,498,2025-08-07,Shipped
350,170,2025-06-22,Shipped
351,295,2025-12-01,Shipped
352,26,2026-02-22,Shipped
353,438,2025-08-26,Delivered
354,278,2025-03-24,Shipped
355,410,2025-10-03,Cancelled
356,388,2025-09-24,Delivered
357,286,2025-06-06,Cancelled
358,10,2025-11-25,Delivered
359,298,2025-10-23,Shipped
360,76,2025-09-05,Shipped
361,67,2026-02-21,Delivered
362,244,2026-02-13,Shipped
363,397,2026-01-28,Cancelled
364,181,2025-10-30,Shipped
365,306,2025-11-28,Cancelled
366,497,2026-02-04,Cancelled
367,293,2026-01-31,Delivered
368,42,2025-11-13,Cancelled
369,470,2025-03-22,Cancelled
370,353,2026-01-21,Cancelled
371,365,2025-08-31,Delivered
372,66,2025-08-12,Delivered
373,440,2025-11-30,Delivered
374,79,2026-01-21,Cancelled
375,103,2025-04-09,Cancelled
376,256,2025-11-14,Delivered
377,189,2025-07-19,Shipped
378,405,2026-02-10,Delivered
379,242,2026-01-13,Cancelled
380,427,2025-08-20,Delivered
381,358,2025-03-22,Cancelled
382,14,2025-09-11,Delivered
383,432,2026-03-01,Cancelled
384,101,2025-12-27,Cancelled
385,428,2025-04-23,Shipped
386,303,2025-12-15,Shipped
387,221,2025-08-11,Cancelled
388,274,2025-06-02,Delivered
389,332,2025-09-16,Cancelled
390,70,2026-02-13,Delivered
391,35,2025-12-23,Delivered
392,256,2026-02-02,Cancelled
393,344,2026-02-28,Shipped
394,89,2025-12-29,Cancelled
395,120,2025-05-20,Shipped
396,86,2025-07-23,Delivered
397,436,2025-11-15,Cancelled
398,3,2025-03-15,Delivered
399,492,2025-05-02,Delivered
400,104,2026-02-09,Cancelled
401,53,2025-07-20,Delivered
402,12,2025-05-23,Delivered
403,57,2025-11-07,Delivered
404,404,2025-04-25,Delivered
405,385,2026-02-03,Delivered
406,176,2025-08-26,Cancelled
407,161,2026-01-16,Delivered
408,242,2026-02-13,Delivered
409,390,2025-08-31,Shipped
410,51,2025-12-06,Cancelled
411,465,2025-10-19,Shipped
412,145,2025-07-19,Shipped
413,487,2025-03-09,Cancelled
414,400,2025-12-27,Delivered
415,181,2026-02-23,Cancelled
416,240,2025-05-29,Delivered
417,38,2025-10-29,Delivered
418,222,2025-11-18,Cancelled
419,281,2025-04-15,Delivered
420,74,2025-03-09,Shipped
421,4,2026-02-03,Cancelled
422,365,2025-10-14,Shipped
423,158,2025-05-05,Delivered
424,380,2025-07-19,Shipped
425,443,2025-12-07,Shipped
426,294,2025-03-18,Delivered
427,151,2026-02-08,Delivered
428,118,2025-06-12,Shipped
429,125,2026-01-23,Delivered
430,145,2025-06-19,Delivered
431,205,2025-09-30,Delivered
432,247,2025-12-03,Cancelled
433,329,2025-09-27,Shipped
434,81,2025-06-21,Delivered
435,58,2025-03-27,Delivered
436,215,2025-08-19,Cancelled
437,372,2026-02-05,Delivered
438,443,2025-04-19,Cancelled
439,12,2025-09-25,Cancelled
440,469,2025-11-18,Cancelled
441,126,2026-03-06,Shipped
442,1,2025-10-20,Cancelled
443,298,2025-09-26,Shipped
444,199,2026-02-22,Delivered
445,367,2025-07-23,Cancelled
446,401,2025-11-21,Shipped
447,126,2025-12-18,Cancelled
448,384,2025-04-01,Cancelled
449,433,2025-07-10,Shipped
450,423,2025-10-10,Cancelled
451,388,2025-03-26,Cancelled
452,393,2026-01-24,Cancelled
453,428,2025-03-16,Delivered
454,63,2026-01-30,Delivered
455,425,2025-05-10,Cancelled
456,141,2025-09-30,Delivered
457,264,2025-11-30,Cancelled
458,137,2025-11-08,Shipped
459,263,2026-01-12,Cancelled
460,95,2026-01-21,Delivered
461,113,2025-09-26,Delivered
462,3,2025-03-21,Cancelled
463,332,2025-12-07,Shipped
464,488,2025-06-20,Cancelled
465,11,2025-09-08,Cancelled
466,498,2025-04-25,Cancelled
467,248,2025-11-06,Cancelled
468,383,2025-05-11,Delivered
469,55,2025-06-28,Delivered
470,93,2025-09-20,Cancelled
471,178,2025-05-04,Delivered
472,494,2026-01-15,Shipped
473,35,2025-06-22,Shipped
474,115,2025-10-02,Cancelled
475,104,2025-03-17,Cancelled
476,434,2025-12-17,Delivered
477,435,2025-12-01,Cancelled
478,386,2025-12-05,Cancelled
479,48,2025-12-18,Cancelled
480,167,2025-07-14,Cancelled
481,349,2025-10-26,Cancelled
482,222,2025-06-19,Shipped
483,481,2025-09-23,Delivered
484,97,2025-11-30,Cancelled
485,226,2025-08-31,Delivered
486,293,2026-02-11,Delivered
487,472,2026-02-17,Cancelled
488,465,2025-05-28,Cancelled
489,306,2025-05-11,Delivered
490,458,2025-08-26,Cancelled
491,260,2025-08-08,Delivered
492,38,2026-02-25,Shipped
493,475,2025-08-20,Shipped
494,92,2026-02-05,Delivered
495,208,2025-09-11,Shipped
496,403,2026-01-06,Cancelled
497,31,2025-12-08,Shipped
498,226,2025-03-28,Shipped
499,209,2025-09-27,Delivered
500,80,2025-12-25,Shipped
501,303,2025-05-26,Cancelled
502,116,2025-05-12,Shipped
503,428,2026-01-06,Delivered
504,437,2025-11-05,Delivered
505,434,2025-03-27,Shipped
506,440,2026-02-22,Cancelled
507,135,2025-08-26,Delivered
508,23,2025-04-06,Shipped
509,374,2025-03-12,Delivered
510,63,2025-11-28,Shipped
511,258,2026-01-03,Delivered
512,132,2025-05-25,Shipped
513,311,2025-07-25,Shipped
514,370,2025-04-24,Cancelled
515,390,2026-02-19,Delivered
516,19,2025-07-25,Delivered
517,350,2025-05-23,Cancelled
518,6,2025-04-08,Shipped
519,321,2025-12-09,Shipped
520,450,2025-11-29,Shipped
521,178,2025-12-13,Shipped
522,223,2025-09-21,Cancelled
523,496,2025-08-25,Shipped
524,12,2025-10-13,Delivered
525,265,2025-08-16,Cancelled
526,132,2025-10-04,Shipped
527,337,2025-04-28,Shipped
528,57,2026-02-28,Delivered
529,141,2025-05-09,Shipped
530,287,2026-03-01,Cancelled
531,310,2026-02-23,Delivered
532,487,2025-08-09,Cancelled
533,145,2025-06-23,Delivered
534,492,2025-05-09,Shipped
535,418,2025-05-25,Cancelled
536,424,2025-12-08,Delivered
537,261,2026-02-08,Shipped
538,131,2025-12-08,Cancelled
539,315,2026-01-28,Cancelled
540,434,2025-03-09,Delivered
541,90,2025-12-26,Delivered
542,454,2025-10-18,Shipped
543,12,2025-12-10,Cancelled
544,120,2025-08-02,Cancelled
545,184,2025-05-31,Cancelled
546,245,2025-12-23,Delivered
547,403,2025-07-21,Shipped
548,6,2026-02-01,Delivered
549,44,2025-06-14,Delivered
550,473,2026-01-25,Cancelled
551,16,2025-04-07,Shipped
552,209,2025-04-11,Cancelled
553,31,2025-07-12,Delivered
554,104,2025-12-26,Delivered
555,498,2025-09-30,Delivered
556,100,2025-06-01,Delivered
557,79,2025-04-14,Cancelled
558,123,2026-03-09,Shipped
559,459,2025-12-06,Shipped
560,48,2026-01-30,Delivered
561,240,2026-01-15,Cancelled
562,210,2025-09-17,Delivered
563,60,2025-07-24,Cancelled
564,154,2026-01-18,Delivered
565,63,2025-11-05,Shipped
566,254,2025-10-27,Shipped
567,79,2025-06-01,Shipped
568,432,2025-09-06,Cancelled
569,244,2025-05-20,Delivered
570,51,2025-04-05,Shipped
571,209,2026-02-13,Cancelled
572,484,2025-12-22,Cancelled
573,495,2026-02-26,Delivered
574,483,2025-06-10,Cancelled
575,494,2025-07-09,Cancelled
576,227,2026-01-15,Shipped
577,256,2025-08-07,Delivered
578,156,2025-09-14,Cancelled
579,498,2025-06-04,Delivered
580,458,2025-10-16,Delivered
581,280,2025-03-30,Cancelled
582,268,2025-11-24,Shipped
583,460,2025-05-19,Cancelled
584,166,2025-08-18,Delivered
585,214,2025-11-04,Delivered
586,427,2025-03-13,Delivered
587,28,2025-07-08,Cancelled
588,500,2025-11-28,Shipped
589,229,2026-01-15,Cancelled
590,219,2025-04-07,Cancelled
591,333,2025-08-03,Shipped
592,461,2025-09-08,Delivered
593,499,2025-06-22,Shipped
594,138,2026-02-09,Delivered
595,481,2026-01-22,Delivered
596,56,2025-09-03,Cancelled
597,194,2025-07-03,Shipped
598,368,2025-10-30,Cancelled
599,126,2025-06-14,Delivered
600,54,2025-09-03,Cancelled
601,243,2025-08-06,Cancelled
602,136,2025-09-02,Cancelled
603,107,2025-03-30,Shipped
604,289,2025-12-12,Shipped
605,129,2025-03-13,Cancelled
606,233,2025-04-05,Cancelled
607,260,2025-06-13,Cancelled
608,73,2025-06-07,Cancelled
609,89,2025-10-07,Shipped
610,30,2026-01-10,Shipped
611,121,2025-09-23,Shipped
612,331,2026-03-07,Cancelled
613,242,2025-08-20,Delivered
614,26,2025-10-19,Shipped
615,234,2025-09-24,Cancelled
616,45,2025-06-22,Cancelled
617,64,2025-11-16,Shipped
618,304,2025-05-20,Delivered
619,74,2026-01-21,Cancelled
620,215,2025-08-26,Cancelled
621,445,2025-09-09,Cancelled
622,420,2025-09-03,Delivered
623,258,2025-06-22,Cancelled
624,29,2025-05-21,Delivered
625,447,2026-03-04,Shipped
626,211,2025-08-07,Delivered
627,69,2026-01-29,Shipped
628,267,2025-05-13,Delivered
629,24,2025-05-30,Delivered
630,116,2025-08-14,Cancelled
631,166,2025-11-08,Shipped
632,342,2025-08-24,Cancelled
633,342,2025-06-30,Cancelled
634,293,2025-11-26,Delivered
635,248,2025-12-19,Delivered
636,287,2026-01-08,Delivered
637,207,2025-09-20,Delivered
638,435,2025-10-04,Shipped
639,473,2025-12-28,Shipped
640,226,2025-08-08,Shipped
641,169,2025-05-20,Cancelled
642,64,2026-02-01,Delivered
643,91,2025-12-26,Delivered
644,159,2025-12-27,Cancelled
645,255,2026-02-26,Delivered
646,8,2026-01-15,Cancelled
647,473,2025-05-11,Delivered
648,56,2025-10-02,Delivered
649,444,2025-12-04,Delivered
650,219,2025-03-12,Cancelled
651,179,2026-01-21,Shipped
652,422,2025-10-29,Delivered
653,118,2025-10-18,Delivered
654,139,2025-10-08,Delivered
655,122,2025-04-30,Delivered
656,355,2025-08-09,Shipped
657,185,2025-06-08,Delivered
658,9,2025-12-06,Cancelled
659,350,2025-08-10,Shipped
660,304,2026-01-20,Shipped
661,277,2025-11-17,Shipped
662,110,2025-07-09,Delivered
663,100,2025-10-21,Delivered
664,326,2025-05-01,Shipped
665,354,2025-11-21,Shipped
666,45,2025-11-14,Cancelled
667,343,2025-05-03,Delivered
668,85,2025-08-30,Shipped
669,436,2026-01-08,Delivered
670,365,2025-06-20,Shipped
671,109,2025-12-12,Shipped
672,168,2025-05-26,Cancelled
673,93,2025-06-03,Cancelled
674,22,2025-07-06,Delivered
675,327,2025-12-18,Delivered
676,188,2025-06-11,Cancelled
677,401,2025-11-10,Cancelled
678,209,2026-02-15,Cancelled
679,30,2025-05-29,Cancelled
680,336,2025-09-23,Shipped
681,225,2026-02-15,Cancelled
682,272,2025-07-18,Delivered
683,9,2025-04-13,Shipped
684,493,2025-11-09,Shipped
685,149,2025-07-16,Cancelled
686,110,2026-01-04,Cancelled
687,52,2026-01-26,Cancelled
688,151,2025-10-10,Shipped
689,2,2025-08-31,Shipped
690,184,2025-10-08,Cancelled
691,415,2025-07-24,Cancelled
692,20,2025-04-26,Delivered
693,200,2025-09-13,Shipped
694,41,2025-11-24,Shipped
695,256,2025-07-03,Shipped
696,250,2025-04-17,Shipped
697,220,2026-03-09,Cancelled
698,409,2025-09-29,Delivered
699,346,2025-05-16,Cancelled
700,182,2025-05-19,Delivered
701,107,2025-08-08,Shipped
702,97,2026-02-23,Shipped
703,176,2025-06-22,Cancelled
704,230,2026-01-21,Delivered
705,346,2025-05-25,Delivered
706,348,2026-03-01,Shipped
707,6,2025-09-28,Delivered
708,237,2026-01-02,Shipped
709,440,2025-05-28,Cancelled
710,337,2025-07-23,Delivered
711,1,2025-07-08,Delivered
712,307,2025-05-21,Cancelled
713,420,2025-12-21,Shipped
714,495,2025-07-03,Shipped
715,327,2025-11-12,Shipped
716,269,2025-08-17,Cancelled
717,310,2025-06-07,Shipped
718,267,2025-11-25,Cancelled
719,79,2025-11-18,Shipped
720,362,2026-01-14,Delivered
721,25,2026-02-02,Delivered
722,147,2025-04-30,Delivered
723,381,2025-06-06,Shipped
724,416,2025-08-25,Delivered
725,221,2025-05-02,Cancelled
726,348,2025-09-10,Cancelled
727,307,2025-07-12,Shipped
728,426,2025-05-07,Shipped
729,2,2025-06-09,Shipped
730,27,2025-06-02,Cancelled
731,62,2026-03-03,Shipped
732,102,2025-09-08,Shipped
733,3,2025-12-06,Cancelled
734,79,2025-09-27,Cancelled
735,180,2025-12-15,Cancelled
736,260,2025-04-10,Shipped
737,155,2026-02-26,Delivered
738,119,2025-10-08,Shipped
739,172,2025-05-29,Cancelled
740,314,2025-07-19,Delivered
741,212,2025-11-28,Shipped
742,355,2025-11-08,Cancelled
743,27,2026-01-03,Shipped
744,193,2026-02-26,Cancelled
745,220,2025-11-01,Cancelled
746,202,2025-12-17,Delivered
747,50,2025-04-29,Shipped
748,377,2025-09-26,Delivered
749,314,2025-05-30,Delivered
750,430,2025-05-21,Cancelled
751,41,2025-10-06,Cancelled
752,56,2025-10-03,Shipped
753,112,2026-02-16,Shipped
754,382,2025-06-12,Delivered
755,120,2026-02-24,Shipped
756,37,2025-07-12,Cancelled
757,257,2025-12-23,Cancelled
758,276,2025-06-19,Cancelled
759,139,2025-08-13,Cancelled
760,229,2025-11-04,Cancelled
761,466,2025-05-29,Delivered
762,53,2026-03-03,Delivered
763,483,2026-02-05,Delivered
764,435,2025-07-31,Shipped
765,110,2025-10-02,Shipped
766,212,2025-11-10,Shipped
767,474,2025-06-28,Cancelled
768,421,2025-06-27,Delivered
769,473,2025-08-01,Cancelled
770,208,2025-03-14,Shipped
771,500,2025-07-15,Shipped
772,110,2025-11-21,Shipped
773,47,2025-03-24,Delivered
774,384,2026-03-01,Cancelled
775,379,2025-04-07,Cancelled
776,175,2025-08-01,Delivered
777,72,2025-07-03,Delivered
778,64,2025-08-01,Delivered
779,398,2025-07-14,Shipped
780,73,2025-11-10,Delivered
781,366,2026-02-01,Delivered
782,142,2025-10-21,Cancelled
783,27,2026-02-07,Shipped
784,17,2025-03-10,Shipped
785,294,2025-11-02,Delivered
786,345,2025-03-17,Shipped
787,218,2026-02-10,Shipped
788,135,2025-05-17,Shipped
789,340,2025-08-20,Delivered
790,216,2025-05-28,Shipped
791,433,2025-08-29,Cancelled
792,277,2025-10-01,Delivered
793,87,2025-04-27,Delivered
794,371,2025-08-23,Delivered
795,469,2025-05-02,Delivered
796,331,2025-04-03,Delivered
797,119,2025-05-12,Delivered
798,444,2026-02-09,Delivered
799,127,2026-01-16,Delivered
800,154,2025-05-29,Shipped
801,370,2025-12-19,Delivered
802,261,2025-03-13,Shipped
803,377,2025-12-13,Delivered
804,345,2025-07-26,Shipped
805,200,2025-09-25,Delivered
806,8,2026-02-23,Shipped
807,435,2026-02-26,Cancelled
808,46,2026-01-06,Delivered
809,475,2025-09-27,Delivered
810,334,2025-10-16,Delivered
811,9,2025-09-28,Shipped
812,238,2025-04-01,Cancelled
813,397,2025-08-23,Shipped
814,68,2025-06-30,Cancelled
815,166,2025-05-07,Shipped
816,198,2025-10-05,Shipped
817,500,2025-08-09,Delivered
818,499,2025-12-29,Shipped
819,346,2025-11-27,Shipped
820,235,2025-06-03,Shipped
821,346,2025-04-24,Delivered
822,91,2025-04-01,Shipped
823,51,2025-11-22,Delivered
824,194,2025-11-12,Cancelled
825,50,2025-07-08,Cancelled
826,126,2025-10-08,Shipped
827,206,2026-02-24,Delivered
828,407,2025-05-02,Shipped
829,300,2025-07-07,Shipped
830,440,2026-02-17,Shipped
831,193,2025-10-31,Cancelled
832,272,2025-06-15,Cancelled
833,304,2026-01-14,Cancelled
834,65,2026-03-07,Delivered
835,188,2025-11-30,Delivered
836,207,2025-10-31,Cancelled
837,402,2025-06-28,Cancelled
838,329,2025-08-19,Delivered
839,233,2026-02-06,Cancelled
840,60,2025-12-23,Shipped
841,122,2025-06-01,Shipped
842,448,2026-02-05,Cancelled
843,187,2025-12-20,Shipped
844,252,2026-01-08,Cancelled
845,276,2025-05-02,Cancelled
846,258,2025-12-25,Cancelled
847,225,2025-12-28,Shipped
848,330,2025-10-03,Delivered
849,163,2025-09-12,Shipped
850,48,2025-09-16,Delivered
851,151,2025-06-09,Cancelled
852,283,2025-07-16,Delivered
853,201,2025-09-13,Delivered
854,259,2025-07-16,Shipped
855,17,2025-08-14,Shipped
856,108,2025-11-29,Shipped
857,201,2025-04-01,Delivered
858,421,2025-07-04,Shipped
859,424,2025-10-18,Shipped
860,357,2025-12-01,Delivered
861,255,2025-10-31,Cancelled
862,100,2025-09-16,Cancelled
863,94,2026-01-05,Cancelled
864,133,2026-01-18,Delivered
865,380,2025-04-14,Delivered
866,6,2025-08-12,Shipped
867,180,2025-05-29,Shipped
868,438,2026-01-10,Cancelled
869,308,2025-11-15,Delivered
870,381,2025-08-17,Delivered
871,456,2025-04-16,Delivered
872,33,2025-10-22,Shipped
873,405,2025-11-23,Shipped
874,395,2025-11-30,Shipped
875,166,2025-10-22,Shipped
876,251,2025-12-30,Shipped
877,453,2025-10-24,Shipped
878,165,2025-05-21,Cancelled
879,366,2025-04-26,Cancelled
880,453,2025-12-29,Shipped
881,436,2025-04-02,Shipped
882,500,2025-09-14,Shipped
883,228,2025-09-21,Cancelled
884,35,2025-06-28,Delivered
885,68,2025-06-04,Cancelled
886,471,2025-10-06,Shipped
887,212,2025-07-25,Shipped
888,35,2025-03-18,Cancelled
889,147,2025-10-02,Delivered
890,347,2025-09-01,Shipped
891,252,2025-05-14,Shipped
892,24,2025-07-31,Shipped
893,166,2025-12-04,Shipped
894,274,2025-08-22,Delivered
895,257,2025-07-17,Delivered
896,476,2025-12-22,Shipped
897,203,2025-05-08,Cancelled
898,240,2025-10-05,Cancelled
899,49,2025-12-09,Delivered
900,308,2025-11-25,Delivered
901,378,2025-06-14,Cancelled
902,101,2025-04-08,Shipped
903,124,2025-06-22,Cancelled
904,430,2026-02-20,Shipped
905,300,2025-05-05,Cancelled
906,314,2026-01-01,Cancelled
907,259,2025-09-01,Delivered
908,201,2025-05-10,Shipped
909,362,2025-08-12,Cancelled
910,235,2025-04-29,Cancelled
911,155,2025-12-16,Delivered
912,203,2025-10-12,Delivered
913,210,2025-07-20,Cancelled
914,323,2025-05-07,Shipped
915,287,2025-05-16,Delivered
916,343,2025-12-26,Delivered
917,19,2025-11-15,Cancelled
918,316,2026-01-13,Shipped
919,43,2025-06-06,Shipped
920,429,2025-03-25,Delivered
921,190,2025-06-11,Cancelled
922,36,2025-10-01,Delivered
923,39,2025-03-11,Cancelled
924,481,2025-03-30,Delivered
925,327,2025-06-03,Cancelled
926,483,2025-04-11,Cancelled
927,394,2025-06-01,Shipped
928,356,2025-03-18,Cancelled
929,105,2026-02-20,Shipped
930,55,2025-08-20,Delivered
931,92,2025-07-04,Delivered
932,32,2025-07-29,Delivered
933,169,2025-07-04,Delivered
934,74,2025-10-31,Cancelled
935,31,2025-09-04,Delivered
936,368,2025-06-25,Delivered
937,230,2026-01-13,Shipped
938,464,2025-11-05,Shipped
939,140,2025-05-04,Cancelled
940,144,2025-06-07,Cancelled
941,304,2026-03-02,Delivered
942,335,2025-07-26,Shipped
943,377,2025-10-05,Shipped
944,164,2025-05-14,Cancelled
945,246,2025-11-27,Cancelled
946,63,2025-03-28,Cancelled
947,236,2025-06-24,Delivered
948,449,2025-07-01,Delivered
949,139,2025-07-27,Cancelled
950,364,2026-02-22,Cancelled
951,395,2026-02-12,Shipped
952,367,2025-05-03,Cancelled
953,103,2025-05-16,Shipped
954,481,2025-10-27,Cancelled
955,2,2025-10-02,Cancelled
956,272,2025-10-29,Shipped
957,100,2025-09-28,Delivered
958,406,2025-04-06,Shipped
959,291,2025-04-14,Cancelled
960,64,2025-03-31,Delivered
961,274,2025-10-27,Shipped
962,44,2025-06-09,Shipped
963,236,2025-08-29,Delivered
964,306,2025-03-30,Cancelled
965,403,2025-10-19,Delivered
966,52,2025-10-03,Cancelled
967,384,2025-06-13,Cancelled
968,180,2025-08-24,Delivered
969,44,2025-04-12,Cancelled
970,138,2025-12-09,Shipped
971,344,2025-11-15,Cancelled
972,426,2025-03-24,Shipped
973,486,2025-09-18,Cancelled
974,56,2025-07-26,Delivered
975,61,2026-02-05,Delivered
976,461,2025-12-14,Shipped
977,319,2025-11-25,Cancelled
978,412,2025-06-29,Cancelled
979,489,2025-06-13,Delivered
980,135,2025-11-28,Shipped
981,102,2025-10-22,Shipped
982,297,2025-06-20,Cancelled
983,421,2025-08-12,Cancelled
984,259,2026-01-29,Cancelled
985,402,2025-09-03,Shipped
986,474,2025-04-23,Delivered
987,16,2025-08-05,Cancelled
988,421,2026-03-03,Shipped
989,206,2025-09-03,Delivered
990,40,2025-12-12,Cancelled
991,204,2025-07-28,Cancelled
992,450,2025-04-16,Shipped
993,323,2026-02-03,Shipped
994,483,2026-01-28,Delivered
995,51,2025-12-20,Delivered
996,262,2025-09-05,Cancelled
997,318,2025-12-16,Delivered
998,165,2025-04-27,Cancelled
999,213,2025-09-10,Cancelled
1000,128,2025-05-19,Shipped
